
{
    "APPUN": "APPLIN",
    "MACIKARP": "MAGIKARP",
    "NIDORAN (F)": "NIDORAN",
    "MASCHIF.F": "MASCHIFF",
    "CREAVARD": "GREAVARD",
    "NIDORAN (F)": "NIDORAN",
    "NIDORAN (M)": "NIDORAN",
    "OINKOLOCNE": "OINKOLOGNE",
    "BRAMBLECHAST": "BRAMBLEGHAST",
    "eoe": "OSHAWOTT",
    "eøe": "OSHAWOTT",
    "RUAXLY": "QUAXLY",
    "TALLOW": "TAILLOW", 
    "SRUAWKABILLY": "SQUAWKABILLY",
    "CRANBULL": "GRANBULL",
    "MACMAR": "MAGMAR",
    "SOLOS'S": "SOLOSIS",
    "MACNEMITE": "MAGNEMITE",
    "LEMAN": "LEDIAN",
    "ACCELCOR": "ACCELGOR",
    "FLAMICO": "FLAMIGO", 
    "CROOKEY": "GROOKEY", 
    "MASRUERAIN": "MASQUERAIN",
    "POLIWHIRL )": "POLIWHIRL",
    "SLUCMA": "SLUGMA",
    "ZIGZACOON": "ZIGZAGOON",
    "COLBAT": "GOLBAT",
    "CRESPIN": "CHESPIN",
    "FRILL'SH": "FRILLISH",
    "HOOTH": "HOOTHOOT",
    "SRUIRTLE": "SQUIRTLE", 
    "EXECCCUTE": "EXEGGCUTE", 
    "CHARJABUC": "CHARJABUG", 
    "PORYCONZ": "PORYGON-Z", 
    "HONEDCE": "HONEDGE", 
    "SCATTERWG": "SCATTERBUG",
    "SANDYCAST": "SANDYGAST",
    "STANLY": "STARLY", 
    "RUILAVA": "QUILAVA",
    "CORVISRUIRE": "CORVISQUIRE", 
    "ARON p": "ARON",
    "NAO": "NATU",
    "ICCLYBU#": "IGGLYBUFF",
    "CERULEDCE": "CERULEDGE",
    "UTTEN": "LITTEN",
    "LARON": "LAIRON",
    "rYNAMo": "TYNAMO",
    "CELEB'": "CELEBI",
    "MAUSHOLD FAMILY OF 3": "MAUSHOLD", 
    "succoo": "SLIGGOO",
    "MABOSSTI#": "MABOSSTIFF",
    "CASTLY": "GASTLY",
    "COTHORITA": "GOTHORITA",
    "FLETCHLINC": "FLETCHLING",
    "AECISLASH": "AEGISLASH",
    "NELLOR": "RELLOR",
    "TOCEPI": "TOGEPI",
    "TATSUCIRI": "TATSUGIRI", 
    "RUARUAVAL": "QUAQUAVAL",
    "KO#INC": "KOFFING",
    "COURCEIST": "GOURGEIST",
    "CLAMPER'": "CLAMPERL",
    "CORVIKNICHT": "CORVIKNIGHT", 
    "GENCAR": "GENGAR",
    "PICNITE": "PIGNITE", 
    "NOLAN SANDSHREW": "ALOLAN SANDSHREW", 
    "NOLAN SANDSLASH": "ALOLAN SANDSLASH",
    "NOLAN VULPIX": "ALOLAN VULPIX",
    "NOLAN NINETALES": "ALOLAN NINETALES",
    "NOLAN RATTATA": "ALOLAN RATTATA", 
    "NOLAN RATICATE": "ALOLAN RATICATE",
    "NOLAN RAICHU": "ALOLAN RAICHU", 
    "NOLAN DIGLETT": "ALOLAN DIGLETT", 
    "NOLAN DICLETT": "ALOLAN DIGLETT",
    "NOLAN DUGTRIO": "ALOLAN DUGTRIO",
    "NOLAN DUCTRIO": "ALOLAN DUGTRIO",
    "NOLAN MEOWTH": "ALOLAN MEOWTH", 
    "NOLAN PERSIAN": "ALOLAN PERSIAN",
    "NOLAN GEODUDE": "ALOLAN GEODUDE",
    "NOLAN CEODUDE": "ALOLAN GEODUDE",
    "NOLAN GRAVELER": "ALOLAN GRAVELER",
    "NOLAN CRAVELER": "ALOLAN GRAVELER",
    "NOLAN GOLEM": "ALOLAN GOLEM", 
    "NOLAN COLEM": "ALOLAN GOLEM",
    "NOLAN GRIMER": "ALOLAN GRIMER",
    "NOLAN CRIMER": "ALOLAN GRIMER",
    "NOLAN MUK": "ALOLAN MUK", 
    "NOLAN EXEGGUTOR": "ALOLAN EXEGGUTOR",
    "NOLAN EXECCUTOR": "ALOLAN EXEGGUTOR",
    "NOLAN MAROWAK": "ALOLAN MAROWAK", 
    "MCKIT": "NICKIT",
    "PORYCON2": "PORYGON2",
    "NIDORUEEN": "NIDOQUEEN",
    "FROCADIER": "FROGADIER",
    "TINKATU#": "TINKATUFF",
    "GIMMICHOUL": "GIMMIGHOUL",
    "KINCAMBIT": "KINGAMBIT",
    "ONI*": "ONIX",
    "HISUIAN CROWLITHE": "HISUIAN GROWLITHE",
    "MIME JR": "MIME JR.",
    "CALVANTULA": "GALVANTULA", 
    "TINKATU#": "TINKATUFF",
    "ARMAROUCE": "ARMAROUGE",
    "CIRAFARIC": "GIRAFARIG",
    "FLORACATO": "FLORAGATO",
    "*WADDLE": "SEWADDLE",
    "CALARIAN LINOONE": "GALARIAN LINOONE", 
    "RUAGSIRE": "QUAGSIRE",
    "CROACUNK": "CROAGUNK", 
    "MORCREM": "MORGREM",
    "RUAXWELL": "QUAXWELL",
    "RAPPLE": "FLAPPLE", 
    "WOOBAT -": "WOOBAT",
    "RUILLADIN": "QUILLADIN",
    "SHELCON": "SHELGON",
    "AMOONCUSS": "AMOONGUSS",
    "CROWLE": "GROVYLE",
    "CALLADE": "GALLADE", 
    "MACBY": "MAGBY",
    "DICLETT": "DIGLETT",
    "• Foretos": "FORRETRESS",
    "DOLUV": "DOLLIV",
    "CYNDARUIL": "CYNDAQUIL",
    "CALARIAN PONYTA": "GALARIAN PONYTA",
    "CALARIAN RAPIDASH": "GALARIAN RAPIDASH",
    "CALARIAN ZIGZACOON": "GALARIAN ZIGZAGOON",
    "CALARIAN ZIGZAGOON": "GALARIAN ZIGZAGOON",
    "CALARIAN MEOWTH": "GALARIAN MEOWTH",
    "CALARIAN FARFETCH'D": "GALARIAN FARFETCH'D",
    "CALARIAN STUNFISK": "GALARIAN STUNFISK",
    "CALARIAN CORSOLA": "GALARIAN CORSOLA",
    "CALARIAN WEEZING": "GALARIAN WEEZING",
    "CALARIAN YAMASK": "GALARIAN YAMASK",
    "CALARIAN DARUMAKA": "GALARIAN DARUMAKA",
    "CALARIAN DARMANITAN": "GALARIAN DARMANITAN",
    "CALARIAN MR MIME": "GALARIAN MR. MIME",
    "NIDOKINC": "NIDOKING",
    "COLETT": "GOLETT", 
    "COTHITELLE": "GOTHITELLE",
    "CLIMMORA": "GLIMMORA",
    "DEWCONC": "DEWGONG",
    "SICILYPH": "SIGILYPH",
    "CHOLDENCO": "GHOLDENGO",
    "CROUDON": "GROUDON",
    "LUCIA": "LUGIA",
    "RECIROCK": "REGIROCK",
    "RECICE": "REGICE", 
    "RECISTEEL": "REGISTEEL", 
    "RECICICAS": "REGIGIGAS",
    "KYOCRE": "KYOGRE",
    "DIALCA": "DIALGA",
    "COSMOC": "COSMOG",
    "CALARIAN ARTICUNO": "GALARIAN ARTICUNO",
    "CALARIAN MOLTRES": "GALARIAN MOLTRES",
    "CALARIAN ZAPDOS": "GALARIAN ZAPDOS",
    "RECIELEKI": "REGIELEKI",
    "RECIDRACO": "REGIDRAGO", 
    "CLASTRIER": "GLASTRIER", 
    "CENESECT": "GENESECT",
    "MACEARNA": "MAGEARNA",
    "MACCARCO": "MAGCARGO",
    "VAMPER": "YAMPER",
    "RWILFISH": "QWILFISH",
    "TANCROWTH": "TANGROWTH",
    "URSAWNA": "URSALUNA",
    "MACMORTAR": "MAGMORTAR",
    "CLAMEOW": "GLAMEOW",
    "REUNICWS": "REUNICLUS",
    "TANCROWTH": "TANGROWTH"
   
  }
